INSERT INTO pessoa (nome,data_nasc,score,cpf)
VALUES
  ('Jescie','02/04/1996',66,'93697888818'),
  ('Montana','30/10/2000',12,'28856112885'),
  ('Nicholas','06/05/1996',24,'36673331178'),
  ('Quail','20/09/1996',66,'64497189848'),
  ('Kieran','05/01/1997',79,'65940761752'),
  ('Bruce','19/04/2000',23,'48188239815'),
  ('Callie','20/03/1999',58,'65638703422'),
  ('Jelani','02/04/2000',44,'65721287641'),
  ('Lucas','11/02/1998',79,'82165182453'),
  ('Ferris','14/03/2000',11,'27135272687'),
  ('Bethany','01/10/1998',28,'13766014966'),
  ('Nerea','13/06/1996',70,'52137784414'),
  ('Claire','20/08/2000',85,'45614774179'),
  ('Jaime','05/09/1998',40,'64338043484'),
  ('Kiara','06/11/1998',87,'83749468774'),
  ('Leonard','08/07/1996',64,'66426720841'),
  ('Azalia','09/04/2000',92,'90689779421'),
  ('Marcia','13/08/1999',99,'98648712503'),
  ('Kyla','06/07/1996',4,'31325351684'),
  ('Kiayada','24/07/2000',70,'52866694733'),
  ('Emerson','27/04/1997',32,'68226635359'),
  ('Ezra','29/12/1996',65,'87586867826'),
  ('Shay','20/09/2000',15,'82122617817'),
  ('Lana','07/07/1996',80,'30213773157'),
  ('Porter','15/11/1998',72,'48659340212'),
  ('Lucian','02/12/1996',59,'22506879055'),
  ('Galena','04/07/1997',82,'78515372323'),
  ('Connor','14/11/1997',51,'92210956725'),
  ('Joy','11/06/1999',92,'47262929828'),
  ('Brittany','17/07/1996',2,'57140468970'),
  ('Bell','30/08/1996',89,'44753859354'),
  ('Conan','06/01/1998',75,'15913758354'),
  ('Flavia','13/06/1999',89,'35664827762'),
  ('Lucian','29/03/2000',37,'56028886937'),
  ('Denise','26/12/1999',33,'08151054065'),
  ('Bertha','22/03/1999',77,'81937827178'),
  ('Hayden','29/03/1999',78,'89497815580'),
  ('Mikayla','24/01/2001',39,'77777415485'),
  ('Kameko','12/12/2000',7,'12527364712'),
  ('Dalton','22/07/1999',67,'93837102405');
  
  
 INSERT INTO endereco (nome_logradouro,numero,bairro,municipio,estado,cod_endereco,tipo_logradouro)
VALUES
  ('4505 Non Avenue',12,'Jaboatão dos Guararapes','Olinda','PA',11,'Chácara'),
  ('4009 A St.',37,'Parauapebas','Chapadinha','BA',12,'Avenida'),
  ('P.O. Box 668, 8947 Enim Avenue',10,'Diadema','Bayeux','SC',13,'Arte'),
  ('4079 Elit Rd.',37,'Bragança','Salvador','PB',14,'Arte'),
  ('992-3671 Dui. Rd.',33,'Petrolina','Campos dos Goytacazes','PB',15,'Conjunto'),
  ('4206 Non, Av.',12,'Abaetetuba','São João de Meriti','RS',16,'Avenida'),
  ('612-8205 Egestas Rd.',33,'Mauá','Governador Valadares','PE',17,'Arte'),
  ('P.O. Box 476, 1832 Cursus. St.',36,'Paço do Lumiar','Camaragibe','SP',18,'Alameda'),
  ('888-3777 Hendrerit Avenue',32,'Camaçari','Pelotas','GO',19,'Conjunto'),
  ('P.O. Box 931, 6237 Lobortis Road',36,'Piracicaba','Canoas','PR',20,'Chácara'),
  ('617-4929 Eget Road',28,'Paulista','Cascavel','PE',21,'Apartamento'),
  ('P.O. Box 101, 434 Eleifend Rd.',36,'Rio Grande','João Pessoa','SC',22,'Rua'),
  ('842-7136 Lacus Avenue',33,'Goiânia','Criciúma','CE',23,'Estrada'),
  ('Ap #172-124 Convallis Avenue',27,'Fortaleza','Curitiba','PE',24,'Jardim'),
  ('Ap #545-3200 Mauris, Avenue',27,'Uberlândia','Rio Verde','PA',25,'Arte'),
  ('Ap #714-1230 Mus. Street',33,'Contagem','Carapicuíba','CE',26,'Apartamento'),
  ('198-1345 Laoreet Rd.',39,'Marabá','São José','RJ',27,'Arte'),
  ('497-9643 Eget, St.',15,'Santarém','São João de Meriti','PR',28,'Chácara'),
  ('5548 Sed Street',14,'Londrina','Jaboatão dos Guararapes','MA',29,'Conjunto'),
  ('433-6618 Libero Road',15,'Parauapebas','Salvador','SP',30,'Estrada'),
  ('189-4465 Vitae Road',12,'São Luís','Lauro de Freitas','PA',31,'Conjunto'),
  ('242-9252 Risus Rd.',35,'Valparaíso de Goiás','Caxias','PB',32,'Estrada'),
  ('1159 Sapien. Street',13,'Piracicaba','Uberaba','RS',33,'Arte'),
  ('P.O. Box 954, 2504 Justo. Rd.',31,'São João de Meriti','São José dos Pinhais','PR',34,'Chácara'),
  ('Ap #877-2469 Ultrices Rd.',23,'Luziânia','Ponta Grossa','SP',35,'Apartamento'),
  ('200-9259 A, Street',24,'Porto Alegre','Jaboatão dos Guararapes','BA',36,'Avenida'),
  ('3499 Vehicula Ave',29,'Rio Verde','Belford Roxo','RS',37,'Rua'),
  ('Ap #900-3555 Tristique Street',15,'Belém','Maringá','PB',38,'Apartamento'),
  ('P.O. Box 208, 2960 Nisi. Road',27,'Rio Verde','Mauá','RS',39,'Arte'),
  ('866-443 Interdum. St.',31,'Goiânia','Maranguape','BA',40,'Arte'),
  ('433-6805 Velit Road',36,'Valparaíso de Goiás','Camaçari','MA',41,'Conjunto'),
  ('911-9081 Lectus Rd.',35,'Castanhal','Itapipoca','RJ',42,'Arte'),
  ('122-3121 Mauris St.',11,'Petrolina','Salvador','PB',43,'Apartamento'),
  ('680-3341 Tortor. Road',38,'Betim','Canoas','PR',44,'Apartamento'),
  ('987-5631 Sem. St.',14,'Mogi das Cruzes','Aparecida de Goiânia','PB',45,'Jardim'),
  ('Ap #566-5753 Blandit Rd.',24,'Cascavel','Juazeiro do Norte','CE',46,'Conjunto'),
  ('7143 Iaculis, Rd.',36,'Canoas','Curitiba','SP',47,'Estrada'),
  ('928-1119 Turpis. St.',35,'Lauro de Freitas','Piracicaba','RJ',48,'Jardim'),
  ('Ap #941-3472 Lacus. Rd.',19,'Londrina','Florianópolis','MG',49,'Apartamento'),
  ('563-9228 Turpis Rd.',12,'Ananindeua','Uberlândia','PB',50,'Avenida');
  
INSERT INTO contato (desc_contato,tipo_contato,fk_pessoa_num_cadastro)
VALUES
  ('facilisis@protonmail.com','email',11),
  ('accumsan@outlook.com','email',12),
  ('felis.purus@icloud.combr','email',13),
  ('ac@yahoo.com','email',14),
  ('ut.lacus@protonmail.combr','email',15),
  ('ac@icloud.combr','email',16),
  ('commodo.auctor@icloud.combr','email',17),
  ('egestas.a.scelerisque@yahoo.com','email',18),
  ('euismod.enim.etiam@yahoo.com','email',19),
  ('lacus@yahoo.combr','email',20),
  ('ut.aliquam@google.com','email',21),
  ('vulputate.eu@protonmail.combr','email',22),
  ('eget.metus.in@protonmail.combr','email',23),
  ('accumsan.neque@outlook.com','email',24),
  ('vivamus.nibh.dolor@yahoo.combr','email',25),
  ('bibendum.ullamcorper@google.com','email',26),
  ('auctor.velit.aliquam@outlook.com','email',27),
  ('nulla.dignissim.maecenas@google.combr','email',28),
  ('curabitur.dictum@hotmail.com','email',29),
  ('dignissim@yahoo.com','email',30),
  ('morbi.accumsan@google.com','email',31),
  ('feugiat@protonmail.com','email',32),
  ('tincidunt.pede.ac@protonmail.com','email',33),
  ('quis.tristique.ac@hotmail.com','email',34),
  ('semper@icloud.combr','email',35),
  ('nunc.sit@aol.combr','email',36),
  ('donec@icloud.combr','email',37),
  ('enim.gravida@aol.combr','email',38),
  ('vivamus.molestie@protonmail.combr','email',39),
  ('cras@icloud.com','email',40),
  ('odio.semper.cursus@outlook.combr','email',41),
  ('faucibus.orci.luctus@google.combr','email',42),
  ('nunc.ac.mattis@icloud.combr','email',43),
  ('rutrum.justo@google.combr','email',44),
  ('elit@icloud.combr','email',45),
  ('nec.diam@yahoo.combr','email',46),
  ('nonummy.ut@hotmail.com','email',47),
  ('ante.bibendum.ullamcorper@yahoo.com','email',48),
  ('cras.dolor@yahoo.combr','email',49),
  ('dui.augue.eu@icloud.com','email',50);
  
INSERT INTO pessoa_endereco (fk_pessoa_num_cadastro,fk_endereco_cod_endereco)
VALUES
  (11,11),
  (12,12),
  (13,13),
  (14,14),
  (15,15),
  (16,16),
  (17,17),
  (18,18),
  (19,19),
  (20,20),
  (21,21),
  (22,22),
  (23,23),
  (24,24),
  (25,25),
  (26,26),
  (27,27),
  (28,28),
  (29,29),
  (30,30),
  (31,31),
  (32,32),
  (33,33),
  (34,34),
  (35,35),
  (36,36),
  (37,37),
  (38,38),
  (39,39),
  (40,40),
  (41,41),
  (42,42),
  (43,43),
  (44,44),
  (45,45),
  (46,46),
  (47,47),
  (48,48),
  (49,49),
  (50,50);


INSERT INTO marca_objeto (desc_marca) 
VALUES
  ('Mondial'),
  ('Britânia'),
  ('Gillette'),
  ('Electrolux'),
  ('Radial'),
  ('CCE'),
  ('Nokia');

INSERT INTO tipo_objeto (nome) 
VALUES
  ('Ar e Ventilação'),
  ('Áudio'),
  ('Eletroportáteis'),
  ('Eletro'),
  ('Telefonia'),
  ('Câmera'),
  ('Smartphone');
  
INSERT INTO objeto(desc_objeto, possui_manual, fk_tipo_objeto_cod_tipo_objeto, fk_marca_objeto_cod_marca)
VALUES
  ('Câmera IP', 'N', 9, 5),
  ('Headset', 'N', 5, 10),
  ('Ar condicionado', 'S', 4,7),
  ('Ventilador', 'S', 4, 7),
  ('C2', 'N', 10, 10);
  
INSERT INTO autorel_1 (fk_pessoa_num_cadastro,fk_pessoa_num_cadastro_,avaliacao,cod_avaliacao,data_avaliacao)
VALUES
  (11,3,7,11,'25/02/2021'),
  (12,5,7,12,'15/02/2021'),
  (13,7,7,13,'22/02/2021'),
  (14,8,7,14,'08/02/2021'),
  (15,6,8,15,'24/02/2021'),
  (16,3,0,16,'17/02/2021'),
  (17,6,9,17,'24/02/2021'),
  (18,5,3,18,'23/02/2021'),
  (19,7,9,19,'08/02/2021'),
  (20,8,0,20,'08/02/2021'),
  (21,8,7,21,'22/02/2021'),
  (22,8,7,22,'24/02/2021'),
  (23,8,3,23,'17/02/2021'),
  (24,3,10,24,'17/02/2021'),
  (25,5,3,25,'08/02/2021'),
  (26,3,1,26,'23/02/2021'),
  (27,6,9,27,'24/02/2021'),
  (28,3,2,28,'08/02/2021'),
  (29,6,2,29,'17/02/2021'),
  (30,3,5,30,'14/02/2021'),
  (31,5,1,31,'19/02/2021'),
  (32,5,7,32,'14/02/2021'),
  (33,7,4,33,'14/02/2021'),
  (34,6,6,34,'22/02/2021'),
  (35,3,9,35,'12/02/2021'),
  (36,5,2,36,'11/02/2021'),
  (37,3,4,37,'11/02/2021'),
  (38,3,10,38,'10/02/2021'),
  (39,5,8,39,'12/02/2021'),
  (40,6,3,40,'13/02/2021'),
  (41,6,2,41,'14/02/2021'),
  (42,7,8,42,'13/02/2021'),
  (43,8,1,43,'16/02/2021'),
  (44,3,2,44,'10/02/2021'),
  (45,5,2,45,'08/02/2021'),
  (46,6,3,46,'24/02/2021'),
  (47,7,2,47,'21/02/2021'),
  (48,3,4,48,'12/02/2021'),
  (49,5,0,49,'07/02/2021'),
  (50,6,8,50,'16/02/2021');

INSERT INTO chamado (data_horario,tipo_chamado,preco,data_agendamento,fk_montador_fk_pessoa_num_cadastro,fk_objeto_cod_objeto,fk_pessoa_num_cadastro,fk_status_cod_estado)
VALUES
  ('05/02/2022','Instalação',61,'29/12/2021',5,7,10,2),
  ('27/01/2022','Reparo',46,'09/12/2021',8,5,2,2),
  ('14/01/2022','Instalação',29,'16/12/2021',7,7,2,5),
  ('03/02/2022','Instalação',48,'21/12/2021',5,6,4,4),
  ('02/01/2022','Instalação',80,'19/12/2021',3,3,2,2),
  ('22/01/2022','Instalação',87,'04/12/2021',3,9,10,3),
  ('03/02/2022','Instalação',38,'09/12/2021',3,1,4,1),
  ('25/01/2022','Reparo',32,'20/12/2021',3,4,10,2),
  ('18/01/2022','Consultoria',43,'04/12/2021',7,2,2,3),
  ('30/01/2022','Reparo',29,'13/12/2021',3,3,2,4),
  ('04/02/2022','Reparo',82,'01/12/2021',7,8,1,2),
  ('21/01/2022','Consultoria',96,'07/12/2021',5,5,10,1),
  ('25/01/2022','Reparo',44,'13/12/2021',3,4,2,1),
  ('15/01/2022','Reparo',49,'02/12/2021',7,5,2,2),
  ('06/01/2022','Consultoria',48,'20/12/2021',7,4,10,2),
  ('01/02/2022','Consultoria',67,'01/12/2021',5,2,4,2),
  ('31/01/2022','Consultoria',53,'03/12/2021',5,5,10,2),
  ('28/01/2022','Instalação',71,'19/12/2021',8,6,1,2),
  ('29/01/2022','Reparo',47,'20/12/2021',7,8,4,4),
  ('10/01/2022','Consultoria',92,'27/12/2021',7,9,10,3),
  ('01/01/2022','Instalação',52,'04/12/2021',5,1,10,2),
  ('12/01/2022','Reparo',64,'28/12/2021',5,10,10,2),
  ('02/01/2022','Consultoria',30,'17/12/2021',3,3,1,4),
  ('27/01/2022','Instalação',25,'19/12/2021',7,8,2,1),
  ('31/01/2022','Instalação',66,'24/12/2021',7,4,2,2),
  ('21/01/2022','Instalação',59,'27/12/2021',3,5,10,2),
  ('18/01/2022','Reparo',99,'05/12/2021',3,8,1,5),
  ('31/01/2022','Consultoria',41,'08/12/2021',8,7,4,3),
  ('20/01/2022','Instalação',51,'05/12/2021',3,6,2,2),
  ('15/01/2022','Instalação',34,'17/12/2021',7,7,4,2),
  ('16/01/2022','Instalação',91,'15/12/2021',8,4,2,1),
  ('05/02/2022','Consultoria',26,'31/12/2021',3,2,4,2),
  ('10/01/2022','Instalação',47,'13/12/2021',8,9,2,4),
  ('25/01/2022','Consultoria',63,'13/12/2021',5,7,2,5),
  ('15/01/2022','Reparo',97,'13/12/2021',7,4,10,3),
  ('20/01/2022','Instalação',68,'07/12/2021',5,8,2,4),
  ('06/01/2022','Consultoria',72,'15/12/2021',8,3,2,3),
  ('25/01/2022','Consultoria',75,'25/12/2021',5,8,10,3),
  ('09/01/2022','Instalação',21,'27/12/2021',8,5,2,4),
  ('26/01/2022','Consultoria',90,'06/12/2021',5,2,2,2);


INSERT INTO especialidade (nome)
VALUES ('especialidade 1'),
       ('especialidade 2'),
       ('especialidade 3'),
       ('especialidade 4'),
       ('especialidade 5'),
       ('especialidade 6'),
       ('especialidade 7'),
       ('especialidade 8'),
       ('especialidade 9'),
       ('especialidade 10'),
       ('especialidade 11'),
       ('especialidade 12'),
       ('especialidade 13'),
       ('especialidade 14'),
       ('especialidade 15');


INSERT INTO montador (forma_pag, cnpj, fk_pessoa_num_cadastro)
VALUES ('Forma de pagamento 1', '61273210166254', 10),
       ('Forma de pagamento 2', '58834773120671', 11),
       ('Forma de pagamento 3', '94713686592372', 12),
       ('Forma de pagamento 4', '20791313147545', 13),
       ('Forma de pagamento 5', '27126689775157', 14),
       ('Forma de pagamento 6', '71813197668658', 15),
       ('Forma de pagamento 7', '53609290200001', 16),
       ('Forma de pagamento 8', '93368194234885', 17),
       ('Forma de pagamento 9', '98218836745459', 18),
       ('Forma de pagamento 10', '41036688669118', 19),
       ('Forma de pagamento 11', '21898863689685', 20),
       ('Forma de pagamento 12', '79355577325434', 21),
       ('Forma de pagamento 13', '21322263168746', 22),
       ('Forma de pagamento 14', '34557537898069', 23),
       ('Forma de pagamento 15', '39097137374594', 24);


INSERT INTO montador_especialidade (fk_montador_fk_pessoa_num_cadastro, fk_especialidade_cod_especialiade)
VALUES (10, 6),
       (11, 7),
       (12, 8),
       (13, 9),
       (14, 10),
       (15, 11),
       (16, 12),
       (17, 13),
       (18, 14),
       (19, 15),
       (20, 16),
       (21, 17),
       (22, 18),
       (23, 19),
       (24, 20);


INSERT INTO portfolio (tempo_servico, desc_portifolio, fk_montador_fk_pessoa_num_cadastro)
VALUES ('8:46:08', 'sit amet, faucibus ut, nulla. Cras eu tellus eu augue', 10),
       ('8:39:21', 'Proin ultrices. Duis volutpat nunc sit amet metus. Aliquam erat', 11),
       ('4:25:01', 'dolor elit, pellentesque a, facilisis non, bibendum sed, est. Nunc', 12),
       ('12:34:48', 'dictum eu, eleifend nec, malesuada ut, sem. Nulla interdum. Curabitur', 13),
       ('7:06:46', 'eu, eleifend nec, malesuada ut, sem. Nulla interdum. Curabitur dictum.', 14);


  
